Workbook

Sheet Settings
A1: Discipline | B1: Score Conversion | C1: Equipment Factor | D1: Notes | F1: Discipline | G1: V4 | H1: V3 | I1: V2 | J1: Peter's | K1: V5
A2: FO | B2: 1 | C2: 1.42 | D2: F-Open | F2: F-Open | G2: 1.42 | H2: 1.42 | I2: 1.43 | J2: 1.39 | K2: 1.406 | L2: 1.011
A3: FTR | B3: 1 | C3: 1.45 | D3: F/TR | F3: F/TR | G3: 1.45 | H3: 1.44 | I3: 1.45 | J3: 1.39 | K3: 1.45 | L3: 1.032
A4: FS | B4: 1 | C4: 1.46 | D4: F-Standard | F4: F-Standard | G4: 1.46 | H4: 1.44 | I4: 1.45 | J4: 1.43 | K4: 1.475 | L4: 1.046
A5: TR | B5: 1.2 | C5: 1.42 | D5: Target Rifle | F5: Target Rifle | G5: 1.42 | H5: 1.43 | I5: 1.42 | J5: 1.53 | K5: 1.412 | L5: 1.014
A6: SO | B6: 1.2 | C6: 1.4 | D6: Sporter Open | F6: Sporter Open | G6: 1.4 | H6: 1.42 | I6: 1.4 | J6: 1.47 | K6: 1.383 | L6: 1
A7: SP | B7: 1.2 | C7: 1.41 | D7: Sporter Production | F7: Sporter Production | G7: 1.41 | H7: 1.43 | I7: 1.41 | J7: 1.53 | K7: 1.383 | L7: 1.006
A9: Centre bonus per centre | B9: 0.7 | D9: Centre Bonus = Centres x 0.70 | F9: Note: Peter's calcs don’t convert 50s to 60s
A10: Peter used full centre value | B10: 1
F11: V5: SO and SP share a single Sporter factor (1.383). Calibrated at top-40% K&Q cohort with Sporter merged.
G14: SO | H14: 1
G15: SP | H15: 1.005
G16: FO
G17: TR
G18: FTR
G19: FS

Sheet Results
A1: Date | B1: Range | C1: Shooter | D1: Discipline | E1: Raw Score | F1: Centres | G1: Score Conversion | H1: Equalised | I1: Centre Bonus | J1: Equipment Factor | K1: Adjusted Score | L1: Adjusted V5
A2: 46039 | B2: 600 | C2: Comerford, Dan | D2: SO | E2: 50 | F2: 5 | G2: =IF($D2="","",IFERROR(INDEX(Settings!$B$2:$B$7,MATCH(TRIM(CLEAN($D2)),Settings!$A$2:$A$7,0)),"")) | H2: =IF(OR($E2="",$G2=""),"",$E2*$G2) | I2: =IF($F2="","",$F2*Settings!$B$9) | J2: =IF($D2="","",IFERROR(INDEX(Settings!$C$2:$C$7,MATCH(TRIM(CLEAN($D2)),Settings!$A$2:$A$7,0)),"")) | K2: =IF(OR($H2="",$I2="",$J2=""),"",ROUND(($H2+$I2)*$J2,2)) | L2: 87.82
A3: 46039 | B3: 600 | C3: Kilpatrick, Brian | D3: SP | E3: 48 | F3: 5 | G3: =IF($D3="","",IFERROR(INDEX(Settings!$B$2:$B$7,MATCH(TRIM(CLEAN($D3)),Settings!$A$2:$A$7,0)),"")) | H3: =IF(OR($E3="",$G3=""),"",$E3*$G3) | I3: =IF($F3="","",$F3*Settings!$B$9) | J3: =IF($D3="","",IFERROR(INDEX(Settings!$C$2:$C$7,MATCH(TRIM(CLEAN($D3)),Settings!$A$2:$A$7,0)),"")) | K3: =IF(OR($H3="",$I3="",$J3=""),"",ROUND(($H3+$I3)*$J3,2)) | L3: 84.5
A4: 46039 | B4: 600 | C4: Mann, Neil | D4: SP | E4: 49 | F4: 4 | G4: =IF($D4="","",IFERROR(INDEX(Settings!$B$2:$B$7,MATCH(TRIM(CLEAN($D4)),Settings!$A$2:$A$7,0)),"")) | H4: =IF(OR($E4="",$G4=""),"",$E4*$G4) | I4: =IF($F4="","",$F4*Settings!$B$9) | J4: =IF($D4="","",IFERROR(INDEX(Settings!$C$2:$C$7,MATCH(TRIM(CLEAN($D4)),Settings!$A$2:$A$7,0)),"")) | K4: =IF(OR($H4="",$I4="",$J4=""),"",ROUND(($H4+$I4)*$J4,2)) | L4: 85.19
A5: 46039 | B5: 600 | C5: Viccars, Adrian | D5: SP | E5: 48 | F5: 4 | G5: =IF($D5="","",IFERROR(INDEX(Settings!$B$2:$B$7,MATCH(TRIM(CLEAN($D5)),Settings!$A$2:$A$7,0)),"")) | H5: =IF(OR($E5="",$G5=""),"",$E5*$G5) | I5: =IF($F5="","",$F5*Settings!$B$9) | J5: =IF($D5="","",IFERROR(INDEX(Settings!$C$2:$C$7,MATCH(TRIM(CLEAN($D5)),Settings!$A$2:$A$7,0)),"")) | K5: =IF(OR($H5="",$I5="",$J5=""),"",ROUND(($H5+$I5)*$J5,2)) | L5: 83.53
A6: 46039 | B6: 600 | C6: Staley, Eric | D6: SO | E6: 49 | F6: 4 | G6: =IF($D6="","",IFERROR(INDEX(Settings!$B$2:$B$7,MATCH(TRIM(CLEAN($D6)),Settings!$A$2:$A$7,0)),"")) | H6: =IF(OR($E6="",$G6=""),"",$E6*$G6) | I6: =IF($F6="","",$F6*Settings!$B$9) | J6: =IF($D6="","",IFERROR(INDEX(Settings!$C$2:$C$7,MATCH(TRIM(CLEAN($D6)),Settings!$A$2:$A$7,0)),"")) | K6: =IF(OR($H6="",$I6="",$J6=""),"",ROUND(($H6+$I6)*$J6,2)) | L6: 85.19
A7: 46039 | B7: 600 | C7: Toh, Keith | D7: TR | E7: 45 | F7: 4 | G7: =IF($D7="","",IFERROR(INDEX(Settings!$B$2:$B$7,MATCH(TRIM(CLEAN($D7)),Settings!$A$2:$A$7,0)),"")) | H7: =IF(OR($E7="",$G7=""),"",$E7*$G7) | I7: =IF($F7="","",$F7*Settings!$B$9) | J7: =IF($D7="","",IFERROR(INDEX(Settings!$C$2:$C$7,MATCH(TRIM(CLEAN($D7)),Settings!$A$2:$A$7,0)),"")) | K7: =IF(OR($H7="",$I7="",$J7=""),"",ROUND(($H7+$I7)*$J7,2)) | L7: 80.2
A8: 46039 | B8: 600 | C8: Poynton, Bill | D8: TR | E8: 48 | F8: 4 | G8: =IF($D8="","",IFERROR(INDEX(Settings!$B$2:$B$7,MATCH(TRIM(CLEAN($D8)),Settings!$A$2:$A$7,0)),"")) | H8: =IF(OR($E8="",$G8=""),"",$E8*$G8) | I8: =IF($F8="","",$F8*Settings!$B$9) | J8: =IF($D8="","",IFERROR(INDEX(Settings!$C$2:$C$7,MATCH(TRIM(CLEAN($D8)),Settings!$A$2:$A$7,0)),"")) | K8: =IF(OR($H8="",$I8="",$J8=""),"",ROUND(($H8+$I8)*$J8,2)) | L8: 85.28
A9: 46039 | B9: 600 | C9: Patto, Nick | D9: FO | E9: 52 | F9: 3 | G9: =IF($D9="","",IFERROR(INDEX(Settings!$B$2:$B$7,MATCH(TRIM(CLEAN($D9)),Settings!$A$2:$A$7,0)),"")) | H9: =IF(OR($E9="",$G9=""),"",$E9*$G9) | I9: =IF($F9="","",$F9*Settings!$B$9) | J9: =IF($D9="","",IFERROR(INDEX(Settings!$C$2:$C$7,MATCH(TRIM(CLEAN($D9)),Settings!$A$2:$A$7,0)),"")) | K9: =IF(OR($H9="",$I9="",$J9=""),"",ROUND(($H9+$I9)*$J9,2)) | L9: 76.06
A10: 46039 | B10: 600 | C10: Cubbidge, Helen | D10: SO | E10: 49 | F10: 3 | G10: =IF($D10="","",IFERROR(INDEX(Settings!$B$2:$B$7,MATCH(TRIM(CLEAN($D10)),Settings!$A$2:$A$7,0)),"")) | H10: =IF(OR($E10="",$G10=""),"",$E10*$G10) | I10: =IF($F10="","",$F10*Settings!$B$9) | J10: =IF($D10="","",IFERROR(INDEX(Settings!$C$2:$C$7,MATCH(TRIM(CLEAN($D10)),Settings!$A$2:$A$7,0)),"")) | K10: =IF(OR($H10="",$I10="",$J10=""),"",ROUND(($H10+$I10)*$J10,2)) | L10: 84.22
A11: 46039 | B11: 600 | C11: Hanna, John | D11: SP | E11: 45 | F11: 2 | G11: =IF($D11="","",IFERROR(INDEX(Settings!$B$2:$B$7,MATCH(TRIM(CLEAN($D11)),Settings!$A$2:$A$7,0)),"")) | H11: =IF(OR($E11="",$G11=""),"",$E11*$G11) | I11: =IF($F11="","",$F11*Settings!$B$9) | J11: =IF($D11="","",IFERROR(INDEX(Settings!$C$2:$C$7,MATCH(TRIM(CLEAN($D11)),Settings!$A$2:$A$7,0)),"")) | K11: =IF(OR($H11="",$I11="",$J11=""),"",ROUND(($H11+$I11)*$J11,2)) | L11: 76.62
A12: 46039 | B12: 600 | C12: Hemkes, Rudy | D12: SO | E12: 42 | F12: 2 | G12: =IF($D12="","",IFERROR(INDEX(Settings!$B$2:$B$7,MATCH(TRIM(CLEAN($D12)),Settings!$A$2:$A$7,0)),"")) | H12: =IF(OR($E12="",$G12=""),"",$E12*$G12) | I12: =IF($F12="","",$F12*Settings!$B$9) | J12: =IF($D12="","",IFERROR(INDEX(Settings!$C$2:$C$7,MATCH(TRIM(CLEAN($D12)),Settings!$A$2:$A$7,0)),"")) | K12: =IF(OR($H12="",$I12="",$J12=""),"",ROUND(($H12+$I12)*$J12,2)) | L12: 71.64
A13: 46039 | B13: 600 | C13: Green, Daniel | D13: SO | E13: 47 | F13: 2 | G13: =IF($D13="","",IFERROR(INDEX(Settings!$B$2:$B$7,MATCH(TRIM(CLEAN($D13)),Settings!$A$2:$A$7,0)),"")) | H13: =IF(OR($E13="",$G13=""),"",$E13*$G13) | I13: =IF($F13="","",$F13*Settings!$B$9) | J13: =IF($D13="","",IFERROR(INDEX(Settings!$C$2:$C$7,MATCH(TRIM(CLEAN($D13)),Settings!$A$2:$A$7,0)),"")) | K13: =IF(OR($H13="",$I13="",$J13=""),"",ROUND(($H13+$I13)*$J13,2)) | L13: 79.94
... A271: 46186 | B271: 700 | C271: Chappell, Daryl | D271: FO | E271: 53 | F271: 0 | G271: =IF($D271="","",IFERROR(INDEX(Settings!$B$2:$B$7,MATCH(TRIM(CLEAN($D271)),Settings!$A$2:$A$7,0)),"")) | H271: =IF(OR($E271="",$G271=""),"",$E271*$G271) | I271: =IF($F271="","",$F271*Settings!$B$9) | J271: =IF($D271="","",IFERROR(INDEX(Settings!$C$2:$C$7,MATCH(TRIM(CLEAN($D271)),Settings!$A$2:$A$7,0)),"")) | K271: =IF(OR($H271="",$I271="",$J271=""),"",ROUND(($H271+$I271)*$J271,2)) | L271: 74.52
G272: =IF($D272="","",IFERROR(INDEX(Settings!$B$2:$B$7,MATCH(TRIM(CLEAN($D272)),Settings!$A$2:$A$7,0)),"")) | H272: =IF(OR($E272="",$G272=""),"",$E272*$G272) | I272: =IF($F272="","",$F272*Settings!$B$9) | J272: =IF($D272="","",IFERROR(INDEX(Settings!$C$2:$C$7,MATCH(TRIM(CLEAN($D272)),Settings!$A$2:$A$7,0)),"")) | K272: =IF(OR($H272="",$I272="",$J272=""),"",ROUND(($H272+$I272)*$J272,2))
G273: =IF($D273="","",IFERROR(INDEX(Settings!$B$2:$B$7,MATCH(TRIM(CLEAN($D273)),Settings!$A$2:$A$7,0)),"")) | H273: =IF(OR($E273="",$G273=""),"",$E273*$G273) | I273: =IF($F273="","",$F273*Settings!$B$9) | J273: =IF($D273="","",IFERROR(INDEX(Settings!$C$2:$C$7,MATCH(TRIM(CLEAN($D273)),Settings!$A$2:$A$7,0)),"")) | K273: =IF(OR($H273="",$I273="",$J273=""),"",ROUND(($H273+$I273)*$J273,2))
G274: =IF($D274="","",IFERROR(INDEX(Settings!$B$2:$B$7,MATCH(TRIM(CLEAN($D274)),Settings!$A$2:$A$7,0)),"")) | H274: =IF(OR($E274="",$G274=""),"",$E274*$G274) | I274: =IF($F274="","",$F274*Settings!$B$9) | J274: =IF($D274="","",IFERROR(INDEX(Settings!$C$2:$C$7,MATCH(TRIM(CLEAN($D274)),Settings!$A$2:$A$7,0)),"")) | K274: =IF(OR($H274="",$I274="",$J274=""),"",ROUND(($H274+$I274)*$J274,2))
G275: =IF($D275="","",IFERROR(INDEX(Settings!$B$2:$B$7,MATCH(TRIM(CLEAN($D275)),Settings!$A$2:$A$7,0)),"")) | H275: =IF(OR($E275="",$G275=""),"",$E275*$G275) | I275: =IF($F275="","",$F275*Settings!$B$9) | J275: =IF($D275="","",IFERROR(INDEX(Settings!$C$2:$C$7,MATCH(TRIM(CLEAN($D275)),Settings!$A$2:$A$7,0)),"")) | K275: =IF(OR($H275="",$I275="",$J275=""),"",ROUND(($H275+$I275)*$J275,2))
G276: =IF($D276="","",IFERROR(INDEX(Settings!$B$2:$B$7,MATCH(TRIM(CLEAN($D276)),Settings!$A$2:$A$7,0)),"")) | H276: =IF(OR($E276="",$G276=""),"",$E276*$G276) | I276: =IF($F276="","",$F276*Settings!$B$9) | J276: =IF($D276="","",IFERROR(INDEX(Settings!$C$2:$C$7,MATCH(TRIM(CLEAN($D276)),Settings!$A$2:$A$7,0)),"")) | K276: =IF(OR($H276="",$I276="",$J276=""),"",ROUND(($H276+$I276)*$J276,2))
G277: =IF($D277="","",IFERROR(INDEX(Settings!$B$2:$B$7,MATCH(TRIM(CLEAN($D277)),Settings!$A$2:$A$7,0)),"")) | H277: =IF(OR($E277="",$G277=""),"",$E277*$G277) | I277: =IF($F277="","",$F277*Settings!$B$9) | J277: =IF($D277="","",IFERROR(INDEX(Settings!$C$2:$C$7,MATCH(TRIM(CLEAN($D277)),Settings!$A$2:$A$7,0)),"")) | K277: =IF(OR($H277="",$I277="",$J277=""),"",ROUND(($H277+$I277)*$J277,2))
G278: =IF($D278="","",IFERROR(INDEX(Settings!$B$2:$B$7,MATCH(TRIM(CLEAN($D278)),Settings!$A$2:$A$7,0)),"")) | H278: =IF(OR($E278="",$G278=""),"",$E278*$G278) | I278: =IF($F278="","",$F278*Settings!$B$9) | J278: =IF($D278="","",IFERROR(INDEX(Settings!$C$2:$C$7,MATCH(TRIM(CLEAN($D278)),Settings!$A$2:$A$7,0)),"")) | K278: =IF(OR($H278="",$I278="",$J278=""),"",ROUND(($H278+$I278)*$J278,2))
G279: =IF($D279="","",IFERROR(INDEX(Settings!$B$2:$B$7,MATCH(TRIM(CLEAN($D279)),Settings!$A$2:$A$7,0)),"")) | H279: =IF(OR($E279="",$G279=""),"",$E279*$G279) | I279: =IF($F279="","",$F279*Settings!$B$9) | J279: =IF($D279="","",IFERROR(INDEX(Settings!$C$2:$C$7,MATCH(TRIM(CLEAN($D279)),Settings!$A$2:$A$7,0)),"")) | K279: =IF(OR($H279="",$I279="",$J279=""),"",ROUND(($H279+$I279)*$J279,2))
G280: =IF($D280="","",IFERROR(INDEX(Settings!$B$2:$B$7,MATCH(TRIM(CLEAN($D280)),Settings!$A$2:$A$7,0)),"")) | H280: =IF(OR($E280="",$G280=""),"",$E280*$G280) | I280: =IF($F280="","",$F280*Settings!$B$9) | J280: =IF($D280="","",IFERROR(INDEX(Settings!$C$2:$C$7,MATCH(TRIM(CLEAN($D280)),Settings!$A$2:$A$7,0)),"")) | K280: =IF(OR($H280="",$I280="",$J280=""),"",ROUND(($H280+$I280)*$J280,2))
G281: =IF($D281="","",IFERROR(INDEX(Settings!$B$2:$B$7,MATCH(TRIM(CLEAN($D281)),Settings!$A$2:$A$7,0)),"")) | H281: =IF(OR($E281="",$G281=""),"",$E281*$G281) | I281: =IF($F281="","",$F281*Settings!$B$9) | J281: =IF($D281="","",IFERROR(INDEX(Settings!$C$2:$C$7,MATCH(TRIM(CLEAN($D281)),Settings!$A$2:$A$7,0)),"")) | K281: =IF(OR($H281="",$I281="",$J281=""),"",ROUND(($H281+$I281)*$J281,2))
G282: =IF($D282="","",IFERROR(INDEX(Settings!$B$2:$B$7,MATCH(TRIM(CLEAN($D282)),Settings!$A$2:$A$7,0)),"")) | H282: =IF(OR($E282="",$G282=""),"",$E282*$G282) | I282: =IF($F282="","",$F282*Settings!$B$9) | J282: =IF($D282="","",IFERROR(INDEX(Settings!$C$2:$C$7,MATCH(TRIM(CLEAN($D282)),Settings!$A$2:$A$7,0)),"")) | K282: =IF(OR($H282="",$I282="",$J282=""),"",ROUND(($H282+$I282)*$J282,2))
G283: =IF($D283="","",IFERROR(INDEX(Settings!$B$2:$B$7,MATCH(TRIM(CLEAN($D283)),Settings!$A$2:$A$7,0)),"")) | H283: =IF(OR($E283="",$G283=""),"",$E283*$G283) | I283: =IF($F283="","",$F283*Settings!$B$9) | J283: =IF($D283="","",IFERROR(INDEX(Settings!$C$2:$C$7,MATCH(TRIM(CLEAN($D283)),Settings!$A$2:$A$7,0)),"")) | K283: =IF(OR($H283="",$I283="",$J283=""),"",ROUND(($H283+$I283)*$J283,2))
... G287: =IF($D287="","",IFERROR(INDEX(Settings!$B$2:$B$7,MATCH(TRIM(CLEAN($D287)),Settings!$A$2:$A$7,0)),"")) | H287: =IF(OR($E287="",$G287=""),"",$E287*$G287) | I287: =IF($F287="","",$F287*Settings!$B$9) | J287: =IF($D287="","",IFERROR(INDEX(Settings!$C$2:$C$7,MATCH(TRIM(CLEAN($D287)),Settings!$A$2:$A$7,0)),"")) | K287: =IF(OR($H287="",$I287="",$J287=""),"",ROUND(($H287+$I287)*$J287,2))

Sheet Club Champion
A1: End of Year MCSI Club Champion 2026
A2: Populated from Results using each shooter's best two MCSI adjusted scores at each distance. Single score counts where only one exists.
A3: Shooter | B3: 500m Best 1 | C3: 500m Best 2 | D3: 600m Best 1 | E3: 600m Best 2 | F3: 700m Best 1 | G3: 700m Best 2 | H3: 800m Best 1 | I3: 800m Best 2 | J3: 900m Best 1 | K3: 900m Best 2 | L3: Grand Total | M3: Rank | N3: Range Avg
A4: {=IFERROR(INDEX(Results!$C$2:$C$1001,MATCH(0,COUNTIF($A$3:A3,Results!$C$2:$C$1001)+(Results!$C$2:$C$1001=""),0)),"")} | B4: {=IFERROR(LARGE(IF((Results!$C$2:$C$1001=$A4)*(Results!$B$2:$B$1001=500)*(Results!$K$2:$K$1001>0),Results!$K$2:$K$1001),1),"")} | C4: {=IFERROR(LARGE(IF((Results!$C$2:$C$1001=$A4)*(Results!$B$2:$B$1001=500)*(Results!$K$2:$K$1001>0),Results!$K$2:$K$1001),2),"")} | D4: {=IFERROR(LARGE(IF((Results!$C$2:$C$1001=$A4)*(Results!$B$2:$B$1001=600)*(Results!$K$2:$K$1001>0),Results!$K$2:$K$1001),1),"")} | E4: {=IFERROR(LARGE(IF((Results!$C$2:$C$1001=$A4)*(Results!$B$2:$B$1001=600)*(Results!$K$2:$K$1001>0),Results!$K$2:$K$1001),2),"")} | F4: {=IFERROR(LARGE(IF((Results!$C$2:$C$1001=$A4)*(Results!$B$2:$B$1001=700)*(Results!$K$2:$K$1001>0),Results!$K$2:$K$1001),1),"")} | G4: {=IFERROR(LARGE(IF((Results!$C$2:$C$1001=$A4)*(Results!$B$2:$B$1001=700)*(Results!$K$2:$K$1001>0),Results!$K$2:$K$1001),2),"")} | H4: {=IFERROR(LARGE(IF((Results!$C$2:$C$1001=$A4)*(Results!$B$2:$B$1001=800)*(Results!$K$2:$K$1001>0),Results!$K$2:$K$1001),1),"")} | I4: {=IFERROR(LARGE(IF((Results!$C$2:$C$1001=$A4)*(Results!$B$2:$B$1001=800)*(Results!$K$2:$K$1001>0),Results!$K$2:$K$1001),2),"")} | J4: {=IFERROR(LARGE(IF((Results!$C$2:$C$1001=$A4)*(Results!$B$2:$B$1001=900)*(Results!$K$2:$K$1001>0),Results!$K$2:$K$1001),1),"")} | K4: {=IFERROR(LARGE(IF((Results!$C$2:$C$1001=$A4)*(Results!$B$2:$B$1001=900)*(Results!$K$2:$K$1001>0),Results!$K$2:$K$1001),2),"")} | L4: {=IF($A4="","",IFERROR(LARGE(IF((Results!$C$2:$C$1001=$A4)*(Results!$B$2:$B$1001=500)*(Results!$K$2:$K$1001>0),Results!$K$2:$K$1001),1),0)+IFERROR(LARGE(IF((Results!$C$2:$C$1001=$A4)*(Results!$B$2:$B$1001=500)*(Results!$K$2:$K$1001>0),Results!$K$2:$K$1001),2),0)+IFERROR(LARGE(IF((Results!$C$2:$C$1001=$A4)*(Results!$B$2:$B$1001=600)*(Results!$K$2:$K$1001>0),Results!$K$2:$K$1001),1),0)+IFERROR(LARGE(IF((Results!$C$2:$C$1001=$A4)*(Results!$B$2:$B$1001=600)*(Results!$K$2:$K$1001>0),Results!$K$2:$K$1001),2),0)+IFERROR(LARGE(IF((Results!$C$2:$C$1001=$A4)*(Results!$B$2:$B$1001=700)*(Results!$K$2:$K$1001>0),Results!$K$2:$K$1001),1),0)+IFERROR(LARGE(IF((Results!$C$2:$C$1001=$A4)*(Results!$B$2:$B$1001=700)*(Results!$K$2:$K$1001>0),Results!$K$2:$K$1001),2),0)+IFERROR(LARGE(IF((Results!$C$2:$C$1001=$A4)*(Results!$B$2:$B$1001=800)*(Results!$K$2:$K$1001>0),Results!$K$2:$K$1001),1),0)+IFERROR(LARGE(IF((Results!$C$2:$C$1001=$A4)*(Results!$B$2:$B$1001=800)*(Results!$K$2:$K$1001>0),Results!$K$2:$K$1001),2),0)+IFERROR(LARGE(IF((Results!$C$2:$C$1001=$A4)*(Results!$B$2:$B$1001=900)*(Results!$K$2:$K$1001>0),Results!$K$2:$K$1001),1),0)+IFERROR(LARGE(IF((Results!$C$2:$C$1001=$A4)*(Results!$B$2:$B$1001=900)*(Results!$K$2:$K$1001>0),Results!$K$2:$K$1001),2),0))} | M4: =IFERROR(IF(OR(L4=0,L4=""),"",RANK(L4,$L$4:$L$70,0)),"") | N4: =IF($A4="","",IFERROR(AVERAGEIF(B4:K4,">"&0),0))
A5: {=IFERROR(INDEX(Results!$C$2:$C$1001,MATCH(0,COUNTIF($A$3:A4,Results!$C$2:$C$1001)+(Results!$C$2:$C$1001=""),0)),"")} | B5: {=IFERROR(LARGE(IF((Results!$C$2:$C$1001=$A5)*(Results!$B$2:$B$1001=500)*(Results!$K$2:$K$1001>0),Results!$K$2:$K$1001),1),"")} | C5: {=IFERROR(LARGE(IF((Results!$C$2:$C$1001=$A5)*(Results!$B$2:$B$1001=500)*(Results!$K$2:$K$1001>0),Results!$K$2:$K$1001),2),"")} | D5: {=IFERROR(LARGE(IF((Results!$C$2:$C$1001=$A5)*(Results!$B$2:$B$1001=600)*(Results!$K$2:$K$1001>0),Results!$K$2:$K$1001),1),"")} | E5: {=IFERROR(LARGE(IF((Results!$C$2:$C$1001=$A5)*(Results!$B$2:$B$1001=600)*(Results!$K$2:$K$1001>0),Results!$K$2:$K$1001),2),"")} | F5: {=IFERROR(LARGE(IF((Results!$C$2:$C$1001=$A5)*(Results!$B$2:$B$1001=700)*(Results!$K$2:$K$1001>0),Results!$K$2:$K$1001),1),"")} | G5: {=IFERROR(LARGE(IF((Results!$C$2:$C$1001=$A5)*(Results!$B$2:$B$1001=700)*(Results!$K$2:$K$1001>0),Results!$K$2:$K$1001),2),"")} | H5: {=IFERROR(LARGE(IF((Results!$C$2:$C$1001=$A5)*(Results!$B$2:$B$1001=800)*(Results!$K$2:$K$1001>0),Results!$K$2:$K$1001),1),"")} | I5: {=IFERROR(LARGE(IF((Results!$C$2:$C$1001=$A5)*(Results!$B$2:$B$1001=800)*(Results!$K$2:$K$1001>0),Results!$K$2:$K$1001),2),"")} | J5: {=IFERROR(LARGE(IF((Results!$C$2:$C$1001=$A5)*(Results!$B$2:$B$1001=900)*(Results!$K$2:$K$1001>0),Results!$K$2:$K$1001),1),"")} | K5: {=IFERROR(LARGE(IF((Results!$C$2:$C$1001=$A5)*(Results!$B$2:$B$1001=900)*(Results!$K$2:$K$1001>0),Results!$K$2:$K$1001),2),"")} | L5: {=IF($A5="","",IFERROR(LARGE(IF((Results!$C$2:$C$1001=$A5)*(Results!$B$2:$B$1001=500)*(Results!$K$2:$K$1001>0),Results!$K$2:$K$1001),1),0)+IFERROR(LARGE(IF((Results!$C$2:$C$1001=$A5)*(Results!$B$2:$B$1001=500)*(Results!$K$2:$K$1001>0),Results!$K$2:$K$1001),2),0)+IFERROR(LARGE(IF((Results!$C$2:$C$1001=$A5)*(Results!$B$2:$B$1001=600)*(Results!$K$2:$K$1001>0),Results!$K$2:$K$1001),1),0)+IFERROR(LARGE(IF((Results!$C$2:$C$1001=$A5)*(Results!$B$2:$B$1001=600)*(Results!$K$2:$K$1001>0),Results!$K$2:$K$1001),2),0)+IFERROR(LARGE(IF((Results!$C$2:$C$1001=$A5)*(Results!$B$2:$B$1001=700)*(Results!$K$2:$K$1001>0),Results!$K$2:$K$1001),1),0)+IFERROR(LARGE(IF((Results!$C$2:$C$1001=$A5)*(Results!$B$2:$B$1001=700)*(Results!$K$2:$K$1001>0),Results!$K$2:$K$1001),2),0)+IFERROR(LARGE(IF((Results!$C$2:$C$1001=$A5)*(Results!$B$2:$B$1001=800)*(Results!$K$2:$K$1001>0),Results!$K$2:$K$1001),1),0)+IFERROR(LARGE(IF((Results!$C$2:$C$1001=$A5)*(Results!$B$2:$B$1001=800)*(Results!$K$2:$K$1001>0),Results!$K$2:$K$1001),2),0)+IFERROR(LARGE(IF((Results!$C$2:$C$1001=$A5)*(Results!$B$2:$B$1001=900)*(Results!$K$2:$K$1001>0),Results!$K$2:$K$1001),1),0)+IFERROR(LARGE(IF((Results!$C$2:$C$1001=$A5)*(Results!$B$2:$B$1001=900)*(Results!$K$2:$K$1001>0),Results!$K$2:$K$1001),2),0))} | M5: =IFERROR(IF(OR(L5=0,L5=""),"",RANK(L5,$L$4:$L$70,0)),"") | N5: =IF($A5="","",IFERROR(AVERAGEIF(B5:K5,">"&0),0))
A6: {=IFERROR(INDEX(Results!$C$2:$C$1001,MATCH(0,COUNTIF($A$3:A5,Results!$C$2:$C$1001)+(Results!$C$2:$C$1001=""),0)),"")} | B6: {=IFERROR(LARGE(IF((Results!$C$2:$C$1001=$A6)*(Results!$B$2:$B$1001=500)*(Results!$K$2:$K$1001>0),Results!$K$2:$K$1001),1),"")} | C6: {=IFERROR(LARGE(IF((Results!$C$2:$C$1001=$A6)*(Results!$B$2:$B$1001=500)*(Results!$K$2:$K$1001>0),Results!$K$2:$K$1001),2),"")} | D6: {=IFERROR(LARGE(IF((Results!$C$2:$C$1001=$A6)*(Results!$B$2:$B$1001=600)*(Results!$K$2:$K$1001>0),Results!$K$2:$K$1001),1),"")} | E6: {=IFERROR(LARGE(IF((Results!$C$2:$C$1001=$A6)*(Results!$B$2:$B$1001=600)*(Results!$K$2:$K$1001>0),Results!$K$2:$K$1001),2),"")} | F6: {=IFERROR(LARGE(IF((Results!$C$2:$C$1001=$A6)*(Results!$B$2:$B$1001=700)*(Results!$K$2:$K$1001>0),Results!$K$2:$K$1001),1),"")} | G6: {=IFERROR(LARGE(IF((Results!$C$2:$C$1001=$A6)*(Results!$B$2:$B$1001=700)*(Results!$K$2:$K$1001>0),Results!$K$2:$K$1001),2),"")} | H6: {=IFERROR(LARGE(IF((Results!$C$2:$C$1001=$A6)*(Results!$B$2:$B$1001=800)*(Results!$K$2:$K$1001>0),Results!$K$2:$K$1001),1),"")} | I6: {=IFERROR(LARGE(IF((Results!$C$2:$C$1001=$A6)*(Results!$B$2:$B$1001=800)*(Results!$K$2:$K$1001>0),Results!$K$2:$K$1001),2),"")} | J6: {=IFERROR(LARGE(IF((Results!$C$2:$C$1001=$A6)*(Results!$B$2:$B$1001=900)*(Results!$K$2:$K$1001>0),Results!$K$2:$K$1001),1),"")} | K6: {=IFERROR(LARGE(IF((Results!$C$2:$C$1001=$A6)*(Results!$B$2:$B$1001=900)*(Results!$K$2:$K$1001>0),Results!$K$2:$K$1001),2),"")} | L6: {=IF($A6="","",IFERROR(LARGE(IF((Results!$C$2:$C$1001=$A6)*(Results!$B$2:$B$1001=500)*(Results!$K$2:$K$1001>0),Results!$K$2:$K$1001),1),0)+IFERROR(LARGE(IF((Results!$C$2:$C$1001=$A6)*(Results!$B$2:$B$1001=500)*(Results!$K$2:$K$1001>0),Results!$K$2:$K$1001),2),0)+IFERROR(LARGE(IF((Results!$C$2:$C$1001=$A6)*(Results!$B$2:$B$1001=600)*(Results!$K$2:$K$1001>0),Results!$K$2:$K$1001),1),0)+IFERROR(LARGE(IF((Results!$C$2:$C$1001=$A6)*(Results!$B$2:$B$1001=600)*(Results!$K$2:$K$1001>0),Results!$K$2:$K$1001),2),0)+IFERROR(LARGE(IF((Results!$C$2:$C$1001=$A6)*(Results!$B$2:$B$1001=700)*(Results!$K$2:$K$1001>0),Results!$K$2:$K$1001),1),0)+IFERROR(LARGE(IF((Results!$C$2:$C$1001=$A6)*(Results!$B$2:$B$1001=700)*(Results!$K$2:$K$1001>0),Results!$K$2:$K$1001),2),0)+IFERROR(LARGE(IF((Results!$C$2:$C$1001=$A6)*(Results!$B$2:$B$1001=800)*(Results!$K$2:$K$1001>0),Results!$K$2:$K$1001),1),0)+IFERROR(LARGE(IF((Results!$C$2:$C$1001=$A6)*(Results!$B$2:$B$1001=800)*(Results!$K$2:$K$1001>0),Results!$K$2:$K$1001),2),0)+IFERROR(LARGE(IF((Results!$C$2:$C$1001=$A6)*(Results!$B$2:$B$1001=900)*(Results!$K$2:$K$1001>0),Results!$K$2:$K$1001),1),0)+IFERROR(LARGE(IF((Results!$C$2:$C$1001=$A6)*(Results!$B$2:$B$1001=900)*(Results!$K$2:$K$1001>0),Results!$K$2:$K$1001),2),0))} | M6: =IFERROR(IF(OR(L6=0,L6=""),"",RANK(L6,$L$4:$L$70,0)),"") | N6: =IF($A6="","",IFERROR(AVERAGEIF(B6:K6,">"&0),0))
A7: {=IFERROR(INDEX(Results!$C$2:$C$1001,MATCH(0,COUNTIF($A$3:A6,Results!$C$2:$C$1001)+(Results!$C$2:$C$1001=""),0)),"")} | B7: {=IFERROR(LARGE(IF((Results!$C$2:$C$1001=$A7)*(Results!$B$2:$B$1001=500)*(Results!$K$2:$K$1001>0),Results!$K$2:$K$1001),1),"")} | C7: {=IFERROR(LARGE(IF((Results!$C$2:$C$1001=$A7)*(Results!$B$2:$B$1001=500)*(Results!$K$2:$K$1001>0),Results!$K$2:$K$1001),2),"")} | D7: {=IFERROR(LARGE(IF((Results!$C$2:$C$1001=$A7)*(Results!$B$2:$B$1001=600)*(Results!$K$2:$K$1001>0),Results!$K$2:$K$1001),1),"")} | E7: {=IFERROR(LARGE(IF((Results!$C$2:$C$1001=$A7)*(Results!$B$2:$B$1001=600)*(Results!$K$2:$K$1001>0),Results!$K$2:$K$1001),2),"")} | F7: {=IFERROR(LARGE(IF((Results!$C$2:$C$1001=$A7)*(Results!$B$2:$B$1001=700)*(Results!$K$2:$K$1001>0),Results!$K$2:$K$1001),1),"")} | G7: {=IFERROR(LARGE(IF((Results!$C$2:$C$1001=$A7)*(Results!$B$2:$B$1001=700)*(Results!$K$2:$K$1001>0),Results!$K$2:$K$1001),2),"")} | H7: {=IFERROR(LARGE(IF((Results!$C$2:$C$1001=$A7)*(Results!$B$2:$B$1001=800)*(Results!$K$2:$K$1001>0),Results!$K$2:$K$1001),1),"")} | I7: {=IFERROR(LARGE(IF((Results!$C$2:$C$1001=$A7)*(Results!$B$2:$B$1001=800)*(Results!$K$2:$K$1001>0),Results!$K$2:$K$1001),2),"")} | J7: {=IFERROR(LARGE(IF((Results!$C$2:$C$1001=$A7)*(Results!$B$2:$B$1001=900)*(Results!$K$2:$K$1001>0),Results!$K$2:$K$1001),1),"")} | K7: {=IFERROR(LARGE(IF((Results!$C$2:$C$1001=$A7)*(Results!$B$2:$B$1001=900)*(Results!$K$2:$K$1001>0),Results!$K$2:$K$1001),2),"")} | L7: {=IF($A7="","",IFERROR(LARGE(IF((Results!$C$2:$C$1001=$A7)*(Results!$B$2:$B$1001=500)*(Results!$K$2:$K$1001>0),Results!$K$2:$K$1001),1),0)+IFERROR(LARGE(IF((Results!$C$2:$C$1001=$A7)*(Results!$B$2:$B$1001=500)*(Results!$K$2:$K$1001>0),Results!$K$2:$K$1001),2),0)+IFERROR(LARGE(IF((Results!$C$2:$C$1001=$A7)*(Results!$B$2:$B$1001=600)*(Results!$K$2:$K$1001>0),Results!$K$2:$K$1001),1),0)+IFERROR(LARGE(IF((Results!$C$2:$C$1001=$A7)*(Results!$B$2:$B$1001=600)*(Results!$K$2:$K$1001>0),Results!$K$2:$K$1001),2),0)+IFERROR(LARGE(IF((Results!$C$2:$C$1001=$A7)*(Results!$B$2:$B$1001=700)*(Results!$K$2:$K$1001>0),Results!$K$2:$K$1001),1),0)+IFERROR(LARGE(IF((Results!$C$2:$C$1001=$A7)*(Results!$B$2:$B$1001=700)*(Results!$K$2:$K$1001>0),Results!$K$2:$K$1001),2),0)+IFERROR(LARGE(IF((Results!$C$2:$C$1001=$A7)*(Results!$B$2:$B$1001=800)*(Results!$K$2:$K$1001>0),Results!$K$2:$K$1001),1),0)+IFERROR(LARGE(IF((Results!$C$2:$C$1001=$A7)*(Results!$B$2:$B$1001=800)*(Results!$K$2:$K$1001>0),Results!$K$2:$K$1001),2),0)+IFERROR(LARGE(IF((Results!$C$2:$C$1001=$A7)*(Results!$B$2:$B$1001=900)*(Results!$K$2:$K$1001>0),Results!$K$2:$K$1001),1),0)+IFERROR(LARGE(IF((Results!$C$2:$C$1001=$A7)*(Results!$B$2:$B$1001=900)*(Results!$K$2:$K$1001>0),Results!$K$2:$K$1001),2),0))} | M7: =IFERROR(IF(OR(L7=0,L7=""),"",RANK(L7,$L$4:$L$70,0)),"") | N7: =IF($A7="","",IFERROR(AVERAGEIF(B7:K7,">"&0),0))
A8: {=IFERROR(INDEX(Results!$C$2:$C$1001,MATCH(0,COUNTIF($A$3:A7,Results!$C$2:$C$1001)+(Results!$C$2:$C$1001=""),0)),"")} | B8: {=IFERROR(LARGE(IF((Results!$C$2:$C$1001=$A8)*(Results!$B$2:$B$1001=500)*(Results!$K$2:$K$1001>0),Results!$K$2:$K$1001),1),"")} | C8: {=IFERROR(LARGE(IF((Results!$C$2:$C$1001=$A8)*(Results!$B$2:$B$1001=500)*(Results!$K$2:$K$1001>0),Results!$K$2:$K$1001),2),"")} | D8: {=IFERROR(LARGE(IF((Results!$C$2:$C$1001=$A8)*(Results!$B$2:$B$1001=600)*(Results!$K$2:$K$1001>0),Results!$K$2:$K$1001),1),"")} | E8: {=IFERROR(LARGE(IF((Results!$C$2:$C$1001=$A8)*(Results!$B$2:$B$1001=600)*(Results!$K$2:$K$1001>0),Results!$K$2:$K$1001),2),"")} | F8: {=IFERROR(LARGE(IF((Results!$C$2:$C$1001=$A8)*(Results!$B$2:$B$1001=700)*(Results!$K$2:$K$1001>0),Results!$K$2:$K$1001),1),"")} | G8: {=IFERROR(LARGE(IF((Results!$C$2:$C$1001=$A8)*(Results!$B$2:$B$1001=700)*(Results!$K$2:$K$1001>0),Results!$K$2:$K$1001),2),"")} | H8: {=IFERROR(LARGE(IF((Results!$C$2:$C$1001=$A8)*(Results!$B$2:$B$1001=800)*(Results!$K$2:$K$1001>0),Results!$K$2:$K$1001),1),"")} | I8: {=IFERROR(LARGE(IF((Results!$C$2:$C$1001=$A8)*(Results!$B$2:$B$1001=800)*(Results!$K$2:$K$1001>0),Results!$K$2:$K$1001),2),"")} | J8: {=IFERROR(LARGE(IF((Results!$C$2:$C$1001=$A8)*(Results!$B$2:$B$1001=900)*(Results!$K$2:$K$1001>0),Results!$K$2:$K$1001),1),"")} | K8: {=IFERROR(LARGE(IF((Results!$C$2:$C$1001=$A8)*(Results!$B$2:$B$1001=900)*(Results!$K$2:$K$1001>0),Results!$K$2:$K$1001),2),"")} | L8: {=IF($A8="","",IFERROR(LARGE(IF((Results!$C$2:$C$1001=$A8)*(Results!$B$2:$B$1001=500)*(Results!$K$2:$K$1001>0),Results!$K$2:$K$1001),1),0)+IFERROR(LARGE(IF((Results!$C$2:$C$1001=$A8)*(Results!$B$2:$B$1001=500)*(Results!$K$2:$K$1001>0),Results!$K$2:$K$1001),2),0)+IFERROR(LARGE(IF((Results!$C$2:$C$1001=$A8)*(Results!$B$2:$B$1001=600)*(Results!$K$2:$K$1001>0),Results!$K$2:$K$1001),1),0)+IFERROR(LARGE(IF((Results!$C$2:$C$1001=$A8)*(Results!$B$2:$B$1001=600)*(Results!$K$2:$K$1001>0),Results!$K$2:$K$1001),2),0)+IFERROR(LARGE(IF((Results!$C$2:$C$1001=$A8)*(Results!$B$2:$B$1001=700)*(Results!$K$2:$K$1001>0),Results!$K$2:$K$1001),1),0)+IFERROR(LARGE(IF((Results!$C$2:$C$1001=$A8)*(Results!$B$2:$B$1001=700)*(Results!$K$2:$K$1001>0),Results!$K$2:$K$1001),2),0)+IFERROR(LARGE(IF((Results!$C$2:$C$1001=$A8)*(Results!$B$2:$B$1001=800)*(Results!$K$2:$K$1001>0),Results!$K$2:$K$1001),1),0)+IFERROR(LARGE(IF((Results!$C$2:$C$1001=$A8)*(Results!$B$2:$B$1001=800)*(Results!$K$2:$K$1001>0),Results!$K$2:$K$1001),2),0)+IFERROR(LARGE(IF((Results!$C$2:$C$1001=$A8)*(Results!$B$2:$B$1001=900)*(Results!$K$2:$K$1001>0),Results!$K$2:$K$1001),1),0)+IFERROR(LARGE(IF((Results!$C$2:$C$1001=$A8)*(Results!$B$2:$B$1001=900)*(Results!$K$2:$K$1001>0),Results!$K$2:$K$1001),2),0))} | M8: =IFERROR(IF(OR(L8=0,L8=""),"",RANK(L8,$L$4:$L$70,0)),"") | N8: =IF($A8="","",IFERROR(AVERAGEIF(B8:K8,">"&0),0))
A9: {=IFERROR(INDEX(Results!$C$2:$C$1001,MATCH(0,COUNTIF($A$3:A8,Results!$C$2:$C$1001)+(Results!$C$2:$C$1001=""),0)),"")} | B9: {=IFERROR(LARGE(IF((Results!$C$2:$C$1001=$A9)*(Results!$B$2:$B$1001=500)*(Results!$K$2:$K$1001>0),Results!$K$2:$K$1001),1),"")} | C9: {=IFERROR(LARGE(IF((Results!$C$2:$C$1001=$A9)*(Results!$B$2:$B$1001=500)*(Results!$K$2:$K$1001>0),Results!$K$2:$K$1001),2),"")} | D9: {=IFERROR(LARGE(IF((Results!$C$2:$C$1001=$A9)*(Results!$B$2:$B$1001=600)*(Results!$K$2:$K$1001>0),Results!$K$2:$K$1001),1),"")} | E9: {=IFERROR(LARGE(IF((Results!$C$2:$C$1001=$A9)*(Results!$B$2:$B$1001=600)*(Results!$K$2:$K$1001>0),Results!$K$2:$K$1001),2),"")} | F9: {=IFERROR(LARGE(IF((Results!$C$2:$C$1001=$A9)*(Results!$B$2:$B$1001=700)*(Results!$K$2:$K$1001>0),Results!$K$2:$K$1001),1),"")} | G9: {=IFERROR(LARGE(IF((Results!$C$2:$C$1001=$A9)*(Results!$B$2:$B$1001=700)*(Results!$K$2:$K$1001>0),Results!$K$2:$K$1001),2),"")} | H9: {=IFERROR(LARGE(IF((Results!$C$2:$C$1001=$A9)*(Results!$B$2:$B$1001=800)*(Results!$K$2:$K$1001>0),Results!$K$2:$K$1001),1),"")} | I9: {=IFERROR(LARGE(IF((Results!$C$2:$C$1001=$A9)*(Results!$B$2:$B$1001=800)*(Results!$K$2:$K$1001>0),Results!$K$2:$K$1001),2),"")} | J9: {=IFERROR(LARGE(IF((Results!$C$2:$C$1001=$A9)*(Results!$B$2:$B$1001=900)*(Results!$K$2:$K$1001>0),Results!$K$2:$K$1001),1),"")} | K9: {=IFERROR(LARGE(IF((Results!$C$2:$C$1001=$A9)*(Results!$B$2:$B$1001=900)*(Results!$K$2:$K$1001>0),Results!$K$2:$K$1001),2),"")} | L9: {=IF($A9="","",IFERROR(LARGE(IF((Results!$C$2:$C$1001=$A9)*(Results!$B$2:$B$1001=500)*(Results!$K$2:$K$1001>0),Results!$K$2:$K$1001),1),0)+IFERROR(LARGE(IF((Results!$C$2:$C$1001=$A9)*(Results!$B$2:$B$1001=500)*(Results!$K$2:$K$1001>0),Results!$K$2:$K$1001),2),0)+IFERROR(LARGE(IF((Results!$C$2:$C$1001=$A9)*(Results!$B$2:$B$1001=600)*(Results!$K$2:$K$1001>0),Results!$K$2:$K$1001),1),0)+IFERROR(LARGE(IF((Results!$C$2:$C$1001=$A9)*(Results!$B$2:$B$1001=600)*(Results!$K$2:$K$1001>0),Results!$K$2:$K$1001),2),0)+IFERROR(LARGE(IF((Results!$C$2:$C$1001=$A9)*(Results!$B$2:$B$1001=700)*(Results!$K$2:$K$1001>0),Results!$K$2:$K$1001),1),0)+IFERROR(LARGE(IF((Results!$C$2:$C$1001=$A9)*(Results!$B$2:$B$1001=700)*(Results!$K$2:$K$1001>0),Results!$K$2:$K$1001),2),0)+IFERROR(LARGE(IF((Results!$C$2:$C$1001=$A9)*(Results!$B$2:$B$1001=800)*(Results!$K$2:$K$1001>0),Results!$K$2:$K$1001),1),0)+IFERROR(LARGE(IF((Results!$C$2:$C$1001=$A9)*(Results!$B$2:$B$1001=800)*(Results!$K$2:$K$1001>0),Results!$K$2:$K$1001),2),0)+IFERROR(LARGE(IF((Results!$C$2:$C$1001=$A9)*(Results!$B$2:$B$1001=900)*(Results!$K$2:$K$1001>0),Results!$K$2:$K$1001),1),0)+IFERROR(LARGE(IF((Results!$C$2:$C$1001=$A9)*(Results!$B$2:$B$1001=900)*(Results!$K$2:$K$1001>0),Results!$K$2:$K$1001),2),0))} | M9: =IFERROR(IF(OR(L9=0,L9=""),"",RANK(L9,$L$4:$L$70,0)),"") | N9: =IF($A9="","",IFERROR(AVERAGEIF(B9:K9,">"&0),0))
A10: {=IFERROR(INDEX(Results!$C$2:$C$1001,MATCH(0,COUNTIF($A$3:A9,Results!$C$2:$C$1001)+(Results!$C$2:$C$1001=""),0)),"")} | B10: {=IFERROR(LARGE(IF((Results!$C$2:$C$1001=$A10)*(Results!$B$2:$B$1001=500)*(Results!$K$2:$K$1001>0),Results!$K$2:$K$1001),1),"")} | C10: {=IFERROR(LARGE(IF((Results!$C$2:$C$1001=$A10)*(Results!$B$2:$B$1001=500)*(Results!$K$2:$K$1001>0),Results!$K$2:$K$1001),2),"")} | D10: {=IFERROR(LARGE(IF((Results!$C$2:$C$1001=$A10)*(Results!$B$2:$B$1001=600)*(Results!$K$2:$K$1001>0),Results!$K$2:$K$1001),1),"")} | E10: {=IFERROR(LARGE(IF((Results!$C$2:$C$1001=$A10)*(Results!$B$2:$B$1001=600)*(Results!$K$2:$K$1001>0),Results!$K$2:$K$1001),2),"")} | F10: {=IFERROR(LARGE(IF((Results!$C$2:$C$1001=$A10)*(Results!$B$2:$B$1001=700)*(Results!$K$2:$K$1001>0),Results!$K$2:$K$1001),1),"")} | G10: {=IFERROR(LARGE(IF((Results!$C$2:$C$1001=$A10)*(Results!$B$2:$B$1001=700)*(Results!$K$2:$K$1001>0),Results!$K$2:$K$1001),2),"")} | H10: {=IFERROR(LARGE(IF((Results!$C$2:$C$1001=$A10)*(Results!$B$2:$B$1001=800)*(Results!$K$2:$K$1001>0),Results!$K$2:$K$1001),1),"")} | I10: {=IFERROR(LARGE(IF((Results!$C$2:$C$1001=$A10)*(Results!$B$2:$B$1001=800)*(Results!$K$2:$K$1001>0),Results!$K$2:$K$1001),2),"")} | J10: {=IFERROR(LARGE(IF((Results!$C$2:$C$1001=$A10)*(Results!$B$2:$B$1001=900)*(Results!$K$2:$K$1001>0),Results!$K$2:$K$1001),1),"")} | K10: {=IFERROR(LARGE(IF((Results!$C$2:$C$1001=$A10)*(Results!$B$2:$B$1001=900)*(Results!$K$2:$K$1001>0),Results!$K$2:$K$1001),2),"")} | L10: {=IF($A10="","",IFERROR(LARGE(IF((Results!$C$2:$C$1001=$A10)*(Results!$B$2:$B$1001=500)*(Results!$K$2:$K$1001>0),Results!$K$2:$K$1001),1),0)+IFERROR(LARGE(IF((Results!$C$2:$C$1001=$A10)*(Results!$B$2:$B$1001=500)*(Results!$K$2:$K$1001>0),Results!$K$2:$K$1001),2),0)+IFERROR(LARGE(IF((Results!$C$2:$C$1001=$A10)*(Results!$B$2:$B$1001=600)*(Results!$K$2:$K$1001>0),Results!$K$2:$K$1001),1),0)+IFERROR(LARGE(IF((Results!$C$2:$C$1001=$A10)*(Results!$B$2:$B$1001=600)*(Results!$K$2:$K$1001>0),Results!$K$2:$K$1001),2),0)+IFERROR(LARGE(IF((Results!$C$2:$C$1001=$A10)*(Results!$B$2:$B$1001=700)*(Results!$K$2:$K$1001>0),Results!$K$2:$K$1001),1),0)+IFERROR(LARGE(IF((Results!$C$2:$C$1001=$A10)*(Results!$B$2:$B$1001=700)*(Results!$K$2:$K$1001>0),Results!$K$2:$K$1001),2),0)+IFERROR(LARGE(IF((Results!$C$2:$C$1001=$A10)*(Results!$B$2:$B$1001=800)*(Results!$K$2:$K$1001>0),Results!$K$2:$K$1001),1),0)+IFERROR(LARGE(IF((Results!$C$2:$C$1001=$A10)*(Results!$B$2:$B$1001=800)*(Results!$K$2:$K$1001>0),Results!$K$2:$K$1001),2),0)+IFERROR(LARGE(IF((Results!$C$2:$C$1001=$A10)*(Results!$B$2:$B$1001=900)*(Results!$K$2:$K$1001>0),Results!$K$2:$K$1001),1),0)+IFERROR(LARGE(IF((Results!$C$2:$C$1001=$A10)*(Results!$B$2:$B$1001=900)*(Results!$K$2:$K$1001>0),Results!$K$2:$K$1001),2),0))} | M10: =IFERROR(IF(OR(L10=0,L10=""),"",RANK(L10,$L$4:$L$70,0)),"") | N10: =IF($A10="","",IFERROR(AVERAGEIF(B10:K10,">"&0),0))
A11: {=IFERROR(INDEX(Results!$C$2:$C$1001,MATCH(0,COUNTIF($A$3:A10,Results!$C$2:$C$1001)+(Results!$C$2:$C$1001=""),0)),"")} | B11: {=IFERROR(LARGE(IF((Results!$C$2:$C$1001=$A11)*(Results!$B$2:$B$1001=500)*(Results!$K$2:$K$1001>0),Results!$K$2:$K$1001),1),"")} | C11: {=IFERROR(LARGE(IF((Results!$C$2:$C$1001=$A11)*(Results!$B$2:$B$1001=500)*(Results!$K$2:$K$1001>0),Results!$K$2:$K$1001),2),"")} | D11: {=IFERROR(LARGE(IF((Results!$C$2:$C$1001=$A11)*(Results!$B$2:$B$1001=600)*(Results!$K$2:$K$1001>0),Results!$K$2:$K$1001),1),"")} | E11: {=IFERROR(LARGE(IF((Results!$C$2:$C$1001=$A11)*(Results!$B$2:$B$1001=600)*(Results!$K$2:$K$1001>0),Results!$K$2:$K$1001),2),"")} | F11: {=IFERROR(LARGE(IF((Results!$C$2:$C$1001=$A11)*(Results!$B$2:$B$1001=700)*(Results!$K$2:$K$1001>0),Results!$K$2:$K$1001),1),"")} | G11: {=IFERROR(LARGE(IF((Results!$C$2:$C$1001=$A11)*(Results!$B$2:$B$1001=700)*(Results!$K$2:$K$1001>0),Results!$K$2:$K$1001),2),"")} | H11: {=IFERROR(LARGE(IF((Results!$C$2:$C$1001=$A11)*(Results!$B$2:$B$1001=800)*(Results!$K$2:$K$1001>0),Results!$K$2:$K$1001),1),"")} | I11: {=IFERROR(LARGE(IF((Results!$C$2:$C$1001=$A11)*(Results!$B$2:$B$1001=800)*(Results!$K$2:$K$1001>0),Results!$K$2:$K$1001),2),"")} | J11: {=IFERROR(LARGE(IF((Results!$C$2:$C$1001=$A11)*(Results!$B$2:$B$1001=900)*(Results!$K$2:$K$1001>0),Results!$K$2:$K$1001),1),"")} | K11: {=IFERROR(LARGE(IF((Results!$C$2:$C$1001=$A11)*(Results!$B$2:$B$1001=900)*(Results!$K$2:$K$1001>0),Results!$K$2:$K$1001),2),"")} | L11: {=IF($A11="","",IFERROR(LARGE(IF((Results!$C$2:$C$1001=$A11)*(Results!$B$2:$B$1001=500)*(Results!$K$2:$K$1001>0),Results!$K$2:$K$1001),1),0)+IFERROR(LARGE(IF((Results!$C$2:$C$1001=$A11)*(Results!$B$2:$B$1001=500)*(Results!$K$2:$K$1001>0),Results!$K$2:$K$1001),2),0)+IFERROR(LARGE(IF((Results!$C$2:$C$1001=$A11)*(Results!$B$2:$B$1001=600)*(Results!$K$2:$K$1001>0),Results!$K$2:$K$1001),1),0)+IFERROR(LARGE(IF((Results!$C$2:$C$1001=$A11)*(Results!$B$2:$B$1001=600)*(Results!$K$2:$K$1001>0),Results!$K$2:$K$1001),2),0)+IFERROR(LARGE(IF((Results!$C$2:$C$1001=$A11)*(Results!$B$2:$B$1001=700)*(Results!$K$2:$K$1001>0),Results!$K$2:$K$1001),1),0)+IFERROR(LARGE(IF((Results!$C$2:$C$1001=$A11)*(Results!$B$2:$B$1001=700)*(Results!$K$2:$K$1001>0),Results!$K$2:$K$1001),2),0)+IFERROR(LARGE(IF((Results!$C$2:$C$1001=$A11)*(Results!$B$2:$B$1001=800)*(Results!$K$2:$K$1001>0),Results!$K$2:$K$1001),1),0)+IFERROR(LARGE(IF((Results!$C$2:$C$1001=$A11)*(Results!$B$2:$B$1001=800)*(Results!$K$2:$K$1001>0),Results!$K$2:$K$1001),2),0)+IFERROR(LARGE(IF((Results!$C$2:$C$1001=$A11)*(Results!$B$2:$B$1001=900)*(Results!$K$2:$K$1001>0),Results!$K$2:$K$1001),1),0)+IFERROR(LARGE(IF((Results!$C$2:$C$1001=$A11)*(Results!$B$2:$B$1001=900)*(Results!$K$2:$K$1001>0),Results!$K$2:$K$1001),2),0))} | M11: =IFERROR(IF(OR(L11=0,L11=""),"",RANK(L11,$L$4:$L$70,0)),"") | N11: =IF($A11="","",IFERROR(AVERAGEIF(B11:K11,">"&0),0))
A12: {=IFERROR(INDEX(Results!$C$2:$C$1001,MATCH(0,COUNTIF($A$3:A11,Results!$C$2:$C$1001)+(Results!$C$2:$C$1001=""),0)),"")} | B12: {=IFERROR(LARGE(IF((Results!$C$2:$C$1001=$A12)*(Results!$B$2:$B$1001=500)*(Results!$K$2:$K$1001>0),Results!$K$2:$K$1001),1),"")} | C12: {=IFERROR(LARGE(IF((Results!$C$2:$C$1001=$A12)*(Results!$B$2:$B$1001=500)*(Results!$K$2:$K$1001>0),Results!$K$2:$K$1001),2),"")} | D12: {=IFERROR(LARGE(IF((Results!$C$2:$C$1001=$A12)*(Results!$B$2:$B$1001=600)*(Results!$K$2:$K$1001>0),Results!$K$2:$K$1001),1),"")} | E12: {=IFERROR(LARGE(IF((Results!$C$2:$C$1001=$A12)*(Results!$B$2:$B$1001=600)*(Results!$K$2:$K$1001>0),Results!$K$2:$K$1001),2),"")} | F12: {=IFERROR(LARGE(IF((Results!$C$2:$C$1001=$A12)*(Results!$B$2:$B$1001=700)*(Results!$K$2:$K$1001>0),Results!$K$2:$K$1001),1),"")} | G12: {=IFERROR(LARGE(IF((Results!$C$2:$C$1001=$A12)*(Results!$B$2:$B$1001=700)*(Results!$K$2:$K$1001>0),Results!$K$2:$K$1001),2),"")} | H12: {=IFERROR(LARGE(IF((Results!$C$2:$C$1001=$A12)*(Results!$B$2:$B$1001=800)*(Results!$K$2:$K$1001>0),Results!$K$2:$K$1001),1),"")} | I12: {=IFERROR(LARGE(IF((Results!$C$2:$C$1001=$A12)*(Results!$B$2:$B$1001=800)*(Results!$K$2:$K$1001>0),Results!$K$2:$K$1001),2),"")} | J12: {=IFERROR(LARGE(IF((Results!$C$2:$C$1001=$A12)*(Results!$B$2:$B$1001=900)*(Results!$K$2:$K$1001>0),Results!$K$2:$K$1001),1),"")} | K12: {=IFERROR(LARGE(IF((Results!$C$2:$C$1001=$A12)*(Results!$B$2:$B$1001=900)*(Results!$K$2:$K$1001>0),Results!$K$2:$K$1001),2),"")} | L12: {=IF($A12="","",IFERROR(LARGE(IF((Results!$C$2:$C$1001=$A12)*(Results!$B$2:$B$1001=500)*(Results!$K$2:$K$1001>0),Results!$K$2:$K$1001),1),0)+IFERROR(LARGE(IF((Results!$C$2:$C$1001=$A12)*(Results!$B$2:$B$1001=500)*(Results!$K$2:$K$1001>0),Results!$K$2:$K$1001),2),0)+IFERROR(LARGE(IF((Results!$C$2:$C$1001=$A12)*(Results!$B$2:$B$1001=600)*(Results!$K$2:$K$1001>0),Results!$K$2:$K$1001),1),0)+IFERROR(LARGE(IF((Results!$C$2:$C$1001=$A12)*(Results!$B$2:$B$1001=600)*(Results!$K$2:$K$1001>0),Results!$K$2:$K$1001),2),0)+IFERROR(LARGE(IF((Results!$C$2:$C$1001=$A12)*(Results!$B$2:$B$1001=700)*(Results!$K$2:$K$1001>0),Results!$K$2:$K$1001),1),0)+IFERROR(LARGE(IF((Results!$C$2:$C$1001=$A12)*(Results!$B$2:$B$1001=700)*(Results!$K$2:$K$1001>0),Results!$K$2:$K$1001),2),0)+IFERROR(LARGE(IF((Results!$C$2:$C$1001=$A12)*(Results!$B$2:$B$1001=800)*(Results!$K$2:$K$1001>0),Results!$K$2:$K$1001),1),0)+IFERROR(LARGE(IF((Results!$C$2:$C$1001=$A12)*(Results!$B$2:$B$1001=800)*(Results!$K$2:$K$1001>0),Results!$K$2:$K$1001),2),0)+IFERROR(LARGE(IF((Results!$C$2:$C$1001=$A12)*(Results!$B$2:$B$1001=900)*(Results!$K$2:$K$1001>0),Results!$K$2:$K$1001),1),0)+IFERROR(LARGE(IF((Results!$C$2:$C$1001=$A12)*(Results!$B$2:$B$1001=900)*(Results!$K$2:$K$1001>0),Results!$K$2:$K$1001),2),0))} | M12: =IFERROR(IF(OR(L12=0,L12=""),"",RANK(L12,$L$4:$L$70,0)),"") | N12: =IF($A12="","",IFERROR(AVERAGEIF(B12:K12,">"&0),0))
A13: {=IFERROR(INDEX(Results!$C$2:$C$1001,MATCH(0,COUNTIF($A$3:A12,Results!$C$2:$C$1001)+(Results!$C$2:$C$1001=""),0)),"")} | B13: {=IFERROR(LARGE(IF((Results!$C$2:$C$1001=$A13)*(Results!$B$2:$B$1001=500)*(Results!$K$2:$K$1001>0),Results!$K$2:$K$1001),1),"")} | C13: {=IFERROR(LARGE(IF((Results!$C$2:$C$1001=$A13)*(Results!$B$2:$B$1001=500)*(Results!$K$2:$K$1001>0),Results!$K$2:$K$1001),2),"")} | D13: {=IFERROR(LARGE(IF((Results!$C$2:$C$1001=$A13)*(Results!$B$2:$B$1001=600)*(Results!$K$2:$K$1001>0),Results!$K$2:$K$1001),1),"")} | E13: {=IFERROR(LARGE(IF((Results!$C$2:$C$1001=$A13)*(Results!$B$2:$B$1001=600)*(Results!$K$2:$K$1001>0),Results!$K$2:$K$1001),2),"")} | F13: {=IFERROR(LARGE(IF((Results!$C$2:$C$1001=$A13)*(Results!$B$2:$B$1001=700)*(Results!$K$2:$K$1001>0),Results!$K$2:$K$1001),1),"")} | G13: {=IFERROR(LARGE(IF((Results!$C$2:$C$1001=$A13)*(Results!$B$2:$B$1001=700)*(Results!$K$2:$K$1001>0),Results!$K$2:$K$1001),2),"")} | H13: {=IFERROR(LARGE(IF((Results!$C$2:$C$1001=$A13)*(Results!$B$2:$B$1001=800)*(Results!$K$2:$K$1001>0),Results!$K$2:$K$1001),1),"")} | I13: {=IFERROR(LARGE(IF((Results!$C$2:$C$1001=$A13)*(Results!$B$2:$B$1001=800)*(Results!$K$2:$K$1001>0),Results!$K$2:$K$1001),2),"")} | J13: {=IFERROR(LARGE(IF((Results!$C$2:$C$1001=$A13)*(Results!$B$2:$B$1001=900)*(Results!$K$2:$K$1001>0),Results!$K$2:$K$1001),1),"")} | K13: {=IFERROR(LARGE(IF((Results!$C$2:$C$1001=$A13)*(Results!$B$2:$B$1001=900)*(Results!$K$2:$K$1001>0),Results!$K$2:$K$1001),2),"")} | L13: {=IF($A13="","",IFERROR(LARGE(IF((Results!$C$2:$C$1001=$A13)*(Results!$B$2:$B$1001=500)*(Results!$K$2:$K$1001>0),Results!$K$2:$K$1001),1),0)+IFERROR(LARGE(IF((Results!$C$2:$C$1001=$A13)*(Results!$B$2:$B$1001=500)*(Results!$K$2:$K$1001>0),Results!$K$2:$K$1001),2),0)+IFERROR(LARGE(IF((Results!$C$2:$C$1001=$A13)*(Results!$B$2:$B$1001=600)*(Results!$K$2:$K$1001>0),Results!$K$2:$K$1001),1),0)+IFERROR(LARGE(IF((Results!$C$2:$C$1001=$A13)*(Results!$B$2:$B$1001=600)*(Results!$K$2:$K$1001>0),Results!$K$2:$K$1001),2),0)+IFERROR(LARGE(IF((Results!$C$2:$C$1001=$A13)*(Results!$B$2:$B$1001=700)*(Results!$K$2:$K$1001>0),Results!$K$2:$K$1001),1),0)+IFERROR(LARGE(IF((Results!$C$2:$C$1001=$A13)*(Results!$B$2:$B$1001=700)*(Results!$K$2:$K$1001>0),Results!$K$2:$K$1001),2),0)+IFERROR(LARGE(IF((Results!$C$2:$C$1001=$A13)*(Results!$B$2:$B$1001=800)*(Results!$K$2:$K$1001>0),Results!$K$2:$K$1001),1),0)+IFERROR(LARGE(IF((Results!$C$2:$C$1001=$A13)*(Results!$B$2:$B$1001=800)*(Results!$K$2:$K$1001>0),Results!$K$2:$K$1001),2),0)+IFERROR(LARGE(IF((Results!$C$2:$C$1001=$A13)*(Results!$B$2:$B$1001=900)*(Results!$K$2:$K$1001>0),Results!$K$2:$K$1001),1),0)+IFERROR(LARGE(IF((Results!$C$2:$C$1001=$A13)*(Results!$B$2:$B$1001=900)*(Results!$K$2:$K$1001>0),Results!$K$2:$K$1001),2),0))} | M13: =IFERROR(IF(OR(L13=0,L13=""),"",RANK(L13,$L$4:$L$70,0)),"") | N13: =IF($A13="","",IFERROR(AVERAGEIF(B13:K13,">"&0),0))
A14: {=IFERROR(INDEX(Results!$C$2:$C$1001,MATCH(0,COUNTIF($A$3:A13,Results!$C$2:$C$1001)+(Results!$C$2:$C$1001=""),0)),"")} | B14: {=IFERROR(LARGE(IF((Results!$C$2:$C$1001=$A14)*(Results!$B$2:$B$1001=500)*(Results!$K$2:$K$1001>0),Results!$K$2:$K$1001),1),"")} | C14: {=IFERROR(LARGE(IF((Results!$C$2:$C$1001=$A14)*(Results!$B$2:$B$1001=500)*(Results!$K$2:$K$1001>0),Results!$K$2:$K$1001),2),"")} | D14: {=IFERROR(LARGE(IF((Results!$C$2:$C$1001=$A14)*(Results!$B$2:$B$1001=600)*(Results!$K$2:$K$1001>0),Results!$K$2:$K$1001),1),"")} | E14: {=IFERROR(LARGE(IF((Results!$C$2:$C$1001=$A14)*(Results!$B$2:$B$1001=600)*(Results!$K$2:$K$1001>0),Results!$K$2:$K$1001),2),"")} | F14: {=IFERROR(LARGE(IF((Results!$C$2:$C$1001=$A14)*(Results!$B$2:$B$1001=700)*(Results!$K$2:$K$1001>0),Results!$K$2:$K$1001),1),"")} | G14: {=IFERROR(LARGE(IF((Results!$C$2:$C$1001=$A14)*(Results!$B$2:$B$1001=700)*(Results!$K$2:$K$1001>0),Results!$K$2:$K$1001),2),"")} | H14: {=IFERROR(LARGE(IF((Results!$C$2:$C$1001=$A14)*(Results!$B$2:$B$1001=800)*(Results!$K$2:$K$1001>0),Results!$K$2:$K$1001),1),"")} | I14: {=IFERROR(LARGE(IF((Results!$C$2:$C$1001=$A14)*(Results!$B$2:$B$1001=800)*(Results!$K$2:$K$1001>0),Results!$K$2:$K$1001),2),"")} | J14: {=IFERROR(LARGE(IF((Results!$C$2:$C$1001=$A14)*(Results!$B$2:$B$1001=900)*(Results!$K$2:$K$1001>0),Results!$K$2:$K$1001),1),"")} | K14: {=IFERROR(LARGE(IF((Results!$C$2:$C$1001=$A14)*(Results!$B$2:$B$1001=900)*(Results!$K$2:$K$1001>0),Results!$K$2:$K$1001),2),"")} | L14: {=IF($A14="","",IFERROR(LARGE(IF((Results!$C$2:$C$1001=$A14)*(Results!$B$2:$B$1001=500)*(Results!$K$2:$K$1001>0),Results!$K$2:$K$1001),1),0)+IFERROR(LARGE(IF((Results!$C$2:$C$1001=$A14)*(Results!$B$2:$B$1001=500)*(Results!$K$2:$K$1001>0),Results!$K$2:$K$1001),2),0)+IFERROR(LARGE(IF((Results!$C$2:$C$1001=$A14)*(Results!$B$2:$B$1001=600)*(Results!$K$2:$K$1001>0),Results!$K$2:$K$1001),1),0)+IFERROR(LARGE(IF((Results!$C$2:$C$1001=$A14)*(Results!$B$2:$B$1001=600)*(Results!$K$2:$K$1001>0),Results!$K$2:$K$1001),2),0)+IFERROR(LARGE(IF((Results!$C$2:$C$1001=$A14)*(Results!$B$2:$B$1001=700)*(Results!$K$2:$K$1001>0),Results!$K$2:$K$1001),1),0)+IFERROR(LARGE(IF((Results!$C$2:$C$1001=$A14)*(Results!$B$2:$B$1001=700)*(Results!$K$2:$K$1001>0),Results!$K$2:$K$1001),2),0)+IFERROR(LARGE(IF((Results!$C$2:$C$1001=$A14)*(Results!$B$2:$B$1001=800)*(Results!$K$2:$K$1001>0),Results!$K$2:$K$1001),1),0)+IFERROR(LARGE(IF((Results!$C$2:$C$1001=$A14)*(Results!$B$2:$B$1001=800)*(Results!$K$2:$K$1001>0),Results!$K$2:$K$1001),2),0)+IFERROR(LARGE(IF((Results!$C$2:$C$1001=$A14)*(Results!$B$2:$B$1001=900)*(Results!$K$2:$K$1001>0),Results!$K$2:$K$1001),1),0)+IFERROR(LARGE(IF((Results!$C$2:$C$1001=$A14)*(Results!$B$2:$B$1001=900)*(Results!$K$2:$K$1001>0),Results!$K$2:$K$1001),2),0))} | M14: =IFERROR(IF(OR(L14=0,L14=""),"",RANK(L14,$L$4:$L$70,0)),"") | N14: =IF($A14="","",IFERROR(AVERAGEIF(B14:K14,">"&0),0))
A15: {=IFERROR(INDEX(Results!$C$2:$C$1001,MATCH(0,COUNTIF($A$3:A14,Results!$C$2:$C$1001)+(Results!$C$2:$C$1001=""),0)),"")} | B15: {=IFERROR(LARGE(IF((Results!$C$2:$C$1001=$A15)*(Results!$B$2:$B$1001=500)*(Results!$K$2:$K$1001>0),Results!$K$2:$K$1001),1),"")} | C15: {=IFERROR(LARGE(IF((Results!$C$2:$C$1001=$A15)*(Results!$B$2:$B$1001=500)*(Results!$K$2:$K$1001>0),Results!$K$2:$K$1001),2),"")} | D15: {=IFERROR(LARGE(IF((Results!$C$2:$C$1001=$A15)*(Results!$B$2:$B$1001=600)*(Results!$K$2:$K$1001>0),Results!$K$2:$K$1001),1),"")} | E15: {=IFERROR(LARGE(IF((Results!$C$2:$C$1001=$A15)*(Results!$B$2:$B$1001=600)*(Results!$K$2:$K$1001>0),Results!$K$2:$K$1001),2),"")} | F15: {=IFERROR(LARGE(IF((Results!$C$2:$C$1001=$A15)*(Results!$B$2:$B$1001=700)*(Results!$K$2:$K$1001>0),Results!$K$2:$K$1001),1),"")} | G15: {=IFERROR(LARGE(IF((Results!$C$2:$C$1001=$A15)*(Results!$B$2:$B$1001=700)*(Results!$K$2:$K$1001>0),Results!$K$2:$K$1001),2),"")} | H15: {=IFERROR(LARGE(IF((Results!$C$2:$C$1001=$A15)*(Results!$B$2:$B$1001=800)*(Results!$K$2:$K$1001>0),Results!$K$2:$K$1001),1),"")} | I15: {=IFERROR(LARGE(IF((Results!$C$2:$C$1001=$A15)*(Results!$B$2:$B$1001=800)*(Results!$K$2:$K$1001>0),Results!$K$2:$K$1001),2),"")} | J15: {=IFERROR(LARGE(IF((Results!$C$2:$C$1001=$A15)*(Results!$B$2:$B$1001=900)*(Results!$K$2:$K$1001>0),Results!$K$2:$K$1001),1),"")} | K15: {=IFERROR(LARGE(IF((Results!$C$2:$C$1001=$A15)*(Results!$B$2:$B$1001=900)*(Results!$K$2:$K$1001>0),Results!$K$2:$K$1001),2),"")} | L15: {=IF($A15="","",IFERROR(LARGE(IF((Results!$C$2:$C$1001=$A15)*(Results!$B$2:$B$1001=500)*(Results!$K$2:$K$1001>0),Results!$K$2:$K$1001),1),0)+IFERROR(LARGE(IF((Results!$C$2:$C$1001=$A15)*(Results!$B$2:$B$1001=500)*(Results!$K$2:$K$1001>0),Results!$K$2:$K$1001),2),0)+IFERROR(LARGE(IF((Results!$C$2:$C$1001=$A15)*(Results!$B$2:$B$1001=600)*(Results!$K$2:$K$1001>0),Results!$K$2:$K$1001),1),0)+IFERROR(LARGE(IF((Results!$C$2:$C$1001=$A15)*(Results!$B$2:$B$1001=600)*(Results!$K$2:$K$1001>0),Results!$K$2:$K$1001),2),0)+IFERROR(LARGE(IF((Results!$C$2:$C$1001=$A15)*(Results!$B$2:$B$1001=700)*(Results!$K$2:$K$1001>0),Results!$K$2:$K$1001),1),0)+IFERROR(LARGE(IF((Results!$C$2:$C$1001=$A15)*(Results!$B$2:$B$1001=700)*(Results!$K$2:$K$1001>0),Results!$K$2:$K$1001),2),0)+IFERROR(LARGE(IF((Results!$C$2:$C$1001=$A15)*(Results!$B$2:$B$1001=800)*(Results!$K$2:$K$1001>0),Results!$K$2:$K$1001),1),0)+IFERROR(LARGE(IF((Results!$C$2:$C$1001=$A15)*(Results!$B$2:$B$1001=800)*(Results!$K$2:$K$1001>0),Results!$K$2:$K$1001),2),0)+IFERROR(LARGE(IF((Results!$C$2:$C$1001=$A15)*(Results!$B$2:$B$1001=900)*(Results!$K$2:$K$1001>0),Results!$K$2:$K$1001),1),0)+IFERROR(LARGE(IF((Results!$C$2:$C$1001=$A15)*(Results!$B$2:$B$1001=900)*(Results!$K$2:$K$1001>0),Results!$K$2:$K$1001),2),0))} | M15: =IFERROR(IF(OR(L15=0,L15=""),"",RANK(L15,$L$4:$L$70,0)),"") | N15: =IF($A15="","",IFERROR(AVERAGEIF(B15:K15,">"&0),0))
... A70: {=IFERROR(INDEX(Results!$C$2:$C$1001,MATCH(0,COUNTIF($A$3:A69,Results!$C$2:$C$1001)+(Results!$C$2:$C$1001=""),0)),"")} | B70: {=IFERROR(LARGE(IF((Results!$C$2:$C$1001=$A70)*(Results!$B$2:$B$1001=500)*(Results!$K$2:$K$1001>0),Results!$K$2:$K$1001),1),"")} | C70: {=IFERROR(LARGE(IF((Results!$C$2:$C$1001=$A70)*(Results!$B$2:$B$1001=500)*(Results!$K$2:$K$1001>0),Results!$K$2:$K$1001),2),"")} | D70: {=IFERROR(LARGE(IF((Results!$C$2:$C$1001=$A70)*(Results!$B$2:$B$1001=600)*(Results!$K$2:$K$1001>0),Results!$K$2:$K$1001),1),"")} | E70: {=IFERROR(LARGE(IF((Results!$C$2:$C$1001=$A70)*(Results!$B$2:$B$1001=600)*(Results!$K$2:$K$1001>0),Results!$K$2:$K$1001),2),"")} | F70: {=IFERROR(LARGE(IF((Results!$C$2:$C$1001=$A70)*(Results!$B$2:$B$1001=700)*(Results!$K$2:$K$1001>0),Results!$K$2:$K$1001),1),"")} | G70: {=IFERROR(LARGE(IF((Results!$C$2:$C$1001=$A70)*(Results!$B$2:$B$1001=700)*(Results!$K$2:$K$1001>0),Results!$K$2:$K$1001),2),"")} | H70: {=IFERROR(LARGE(IF((Results!$C$2:$C$1001=$A70)*(Results!$B$2:$B$1001=800)*(Results!$K$2:$K$1001>0),Results!$K$2:$K$1001),1),"")} | I70: {=IFERROR(LARGE(IF((Results!$C$2:$C$1001=$A70)*(Results!$B$2:$B$1001=800)*(Results!$K$2:$K$1001>0),Results!$K$2:$K$1001),2),"")} | J70: {=IFERROR(LARGE(IF((Results!$C$2:$C$1001=$A70)*(Results!$B$2:$B$1001=900)*(Results!$K$2:$K$1001>0),Results!$K$2:$K$1001),1),"")} | K70: {=IFERROR(LARGE(IF((Results!$C$2:$C$1001=$A70)*(Results!$B$2:$B$1001=900)*(Results!$K$2:$K$1001>0),Results!$K$2:$K$1001),2),"")} | L70: {=IF($A70="","",IFERROR(LARGE(IF((Results!$C$2:$C$1001=$A70)*(Results!$B$2:$B$1001=500)*(Results!$K$2:$K$1001>0),Results!$K$2:$K$1001),1),0)+IFERROR(LARGE(IF((Results!$C$2:$C$1001=$A70)*(Results!$B$2:$B$1001=500)*(Results!$K$2:$K$1001>0),Results!$K$2:$K$1001),2),0)+IFERROR(LARGE(IF((Results!$C$2:$C$1001=$A70)*(Results!$B$2:$B$1001=600)*(Results!$K$2:$K$1001>0),Results!$K$2:$K$1001),1),0)+IFERROR(LARGE(IF((Results!$C$2:$C$1001=$A70)*(Results!$B$2:$B$1001=600)*(Results!$K$2:$K$1001>0),Results!$K$2:$K$1001),2),0)+IFERROR(LARGE(IF((Results!$C$2:$C$1001=$A70)*(Results!$B$2:$B$1001=700)*(Results!$K$2:$K$1001>0),Results!$K$2:$K$1001),1),0)+IFERROR(LARGE(IF((Results!$C$2:$C$1001=$A70)*(Results!$B$2:$B$1001=700)*(Results!$K$2:$K$1001>0),Results!$K$2:$K$1001),2),0)+IFERROR(LARGE(IF((Results!$C$2:$C$1001=$A70)*(Results!$B$2:$B$1001=800)*(Results!$K$2:$K$1001>0),Results!$K$2:$K$1001),1),0)+IFERROR(LARGE(IF((Results!$C$2:$C$1001=$A70)*(Results!$B$2:$B$1001=800)*(Results!$K$2:$K$1001>0),Results!$K$2:$K$1001),2),0)+IFERROR(LARGE(IF((Results!$C$2:$C$1001=$A70)*(Results!$B$2:$B$1001=900)*(Results!$K$2:$K$1001>0),Results!$K$2:$K$1001),1),0)+IFERROR(LARGE(IF((Results!$C$2:$C$1001=$A70)*(Results!$B$2:$B$1001=900)*(Results!$K$2:$K$1001>0),Results!$K$2:$K$1001),2),0))} | M70: =IFERROR(IF(OR(L70=0,L70=""),"",RANK(L70,$L$4:$L$70,0)),"") | N70: =IF($A70="","",IFERROR(AVERAGEIF(B70:K70,">"&0),0))

Sheet Club Champion V5
A1: End of Year MCSI Club Champion 2026 — V5 factors (Sporter merged)
A2: Best-2-per-distance using V5 factors. V5 calibrated at top-40% K&Q 2024+ cohort with Sporter Open + Sporter Production merged into a single Sporter factor (1.383).
A3: Shooter | B3: Disc | C3: 500m Best 1 | D3: 500m Best 2 | E3: 600m Best 1 | F3: 600m Best 2 | G3: 700m Best 1 | H3: 700m Best 2 | I3: 800m Best 1 | J3: 800m Best 2 | K3: 900m Best 1 | L3: 900m Best 2 | M3: Grand Total | N3: Rank
A4: Comerford, Dan | B4: Sporter | C4: 89.76 | D4: 88.79 | E4: 88.79 | F4: 87.82 | G4: 91.69 | H4: 87.13 | I4: 88.79 | J4: 87.82 | K4: 87.82 | M4: 798.41 | N4: 1
A5: Toh, Keith | B5: TR | C5: 91.64 | D5: 88.67 | E5: 88.67 | F5: 82.6 | G5: 84.58 | H5: 83.59 | I5: 88.67 | J5: 74.13 | K5: 87.69 | M5: 770.24 | N5: 2
A6: Kilpatrick, Brian | B6: Sporter | C6: 88.79 | D6: 88.1 | E6: 88.1 | F6: 84.5 | G6: 89.76 | H6: 84.22 | I6: 88.79 | J6: 81.6 | K6: 75.93 | M6: 769.79 | N6: 3
A7: Beretta, Chris | B7: FO | C7: 83.09 | D7: 82.11 | E7: 87.88 | F7: 76.49 | G7: 89.28 | H7: 81.69 | I7: 84.5 | J7: 75.08 | K7: 84.5 | M7: 744.62 | N7: 4
A8: Staley, Eric | B8: Sporter | C8: 84.22 | D8: 83.26 | E8: 86.85 | F8: 85.19 | G8: 83.53 | H8: 82.57 | I8: 88.79 | J8: 72.33 | K8: 75.65 | M8: 742.39 | N8: 5
A9: Patto, Nick | B9: FO | C9: 88.86 | D9: 79.3 | E9: 79.86 | F9: 79.72 | G9: 87.88 | H9: 81.69 | I9: 86.47 | J9: 76.49 | K9: 81.69 | M9: 741.96 | N9: 6
A10: Hanna, John | B10: Sporter | C10: 88.1 | D10: 86.85 | E10: 76.62 | F10: 75.65 | G10: 86.85 | H10: 81.87 | I10: 77.31 | J10: 72.33 | K10: 75.65 | M10: 721.23 | N10: 7
A11: Chay, Tony | B11: Sporter | C11: 85.19 | D11: 77.59 | E11: 70.67 | F11: 61.41 | G11: 82.29 | H11: 75.65 | I11: 80.91 | J11: 80.21 | K11: 78.28 | M11: 692.2 | N11: 8
A12: Cook, Andrew | B12: FS | C12: 89.24 | D12: 86.58 | E12: 85.25 | F12: 78.77 | G12: 90.71 | H12: 82.75 | I12: 87.17 | K12: 71.83 | M12: 672.3 | N12: 9
A13: Gwyn, Stephen | B13: Sporter | C13: 84.22 | D13: 81.61 | E13: 81.9 | F13: 81.6 | G13: 85.28 | H13: 65.69 | I13: 85.99 | K13: 80.91 | M13: 647.2 | N13: 10
A14: Heath, David | B14: TR | C14: 86.98 | D14: 85.99 | E14: 79.92 | F14: 77.94 | G14: 89.66 | H14: 82.6 | I14: 75.54 | J14: 0 | K14: 67.07 | M14: 645.7 | N14: 11
A15: Donnelly, Lisa | B15: FS | C15: 89.68 | D15: 84.08 | E15: 83.19 | F15: 67.41 | G15: 90.71 | H15: 70.36 | I15: 77.73 | K15: 74.78 | M15: 637.94 | N15: 12
A16: Shepherd, David | B16: FS | C16: 83.63 | D16: 82.16 | E16: 85.7 | F16: 71.83 | G16: 82.16 | H16: 64.9 | I16: 77.73 | K16: 76.26 | M16: 624.37 | N16: 13
A17: Smaldino, Richard | B17: Sporter | C17: 87.13 | D17: 87.13 | E17: 87.13 | F17: 83.95 | G17: 88.79 | H17: 84.22 | I17: 79.25 | M17: 597.6 | N17: 14
A18: Porter, Stephen | B18: FTR | C18: 81.34 | D18: 75.23 | E18: 77.73 | F18: 73.75 | G18: 73.31 | H18: 0 | I18: 73.52 | J18: 65.93 | K18: 66.27 | M18: 587.08 | N18: 15
A19: Greed, Adrian | B19: TR | C19: 84.3 | D19: 80.63 | E19: 84.3 | F19: 79.64 | G19: 86.27 | H19: 84.01 | I19: 85.99 | M19: 585.14 | N19: 16
A20: Mann, Neil | B20: Sporter | C20: 82.57 | D20: 78.28 | E20: 85.19 | F20: 74.96 | G20: 85.19 | H20: 80.91 | I20: 80.63 | M20: 567.73 | N20: 17
A21: Bending, Anthony | B21: FO | C21: 88.86 | D21: 86.47 | E21: 85.48 | F21: 78.88 | G21: 86.47 | H21: 84.08 | M21: 510.24 | N21: 18
A22: Wilson, Brendan | B22: FS | C22: 88.65 | D22: 82.75 | E22: 78.77 | F22: 75.81 | G22: 88.2 | H22: 81.27 | M22: 495.45 | N22: 19
A23: Viccars, Adrian | B23: Sporter | C23: 85.19 | E23: 83.53 | F23: 83.53 | G23: 82.84 | H23: 80.91 | I23: 79.25 | M23: 495.25 | N23: 20
A24: Gierer, Gerald | B24: Sporter | C24: 86.16 | D24: 0 | E24: 78 | F24: 76.62 | G24: 87.82 | H24: 85.19 | I24: 79.25 | J24: 0 | K24: 0 | M24: 493.04 | N24: 21
A25: Hemkes, Rudy | B25: Sporter | C25: 85.19 | E25: 71.64 | G25: 81.6 | I25: 86.16 | J25: 78.28 | K25: 85.19 | M25: 488.06 | N25: 22
A26: Chappell, Daryl | B26: FO | C26: 83.66 | D26: 81.69 | E26: 80.28 | F26: 79.3 | G26: 87.31 | H26: 74.52 | M26: 486.76 | N26: 23
A27: Thomson, Peter | B27: Sporter | C27: 80.91 | E27: 77.31 | F27: 75.65 | G27: 86.85 | H27: 74.96 | I27: 78.28 | M27: 473.96 | N27: 24
A28: Heath, Warwick | B28: FTR | C28: 77.86 | D28: 70.18 | E28: 74.97 | F28: 62.35 | G28: 78.88 | H28: 70.61 | M28: 434.85 | N28: 25
A29: Hulett, Peter | B29: TR | C29: 76.53 | E29: 72.15 | F29: 70.46 | G29: 73.85 | H29: 71.45 | I29: 65.38 | M29: 429.82 | N29: 26
A30: Hulett, Carol | B30: FS | C30: 68.88 | E30: 76.26 | F30: 73.31 | G30: 75.81 | H30: 64.9 | I30: 65.93 | M30: 425.09 | N30: 27
A31: Poynton, Bill | B31: TR | C31: 0 | E31: 85.28 | G31: 78.22 | I31: 85.57 | J31: 57.61 | K31: 84.3 | M31: 390.98 | N31: 28
A32: Hojeij, Daniel | B32: Sporter | C32: 90.72 | E32: 87.82 | G32: 92.66 | M32: 271.2 | N32: 29
A33: Smolderen, Peter | B33: Sporter | C33: 89.76 | I33: 82.57 | K33: 78.28 | M33: 250.61 | N33: 30
A34: Dare, Brodie | B34: Sporter | C34: 87.13 | E34: 83.53 | G34: 79.25 | M34: 249.91 | N34: 31
A35: Austin, Bill | B35: Sporter | C35: 80.91 | I35: 84.22 | K35: 80.63 | M35: 245.76 | N35: 32
A36: Cubbidge, Helen | B36: Sporter | E36: 84.22 | G36: 80.91 | I36: 77.86 | M36: 242.99 | N36: 33
A37: Parks, Ian | B37: FO | C37: 83.52 | E37: 73.67 | G37: 67.49 | M37: 224.68 | N37: 34
A38: Green, Daniel | B38: Sporter | E38: 79.94 | G38: 74.27 | I38: 65 | M38: 219.21 | N38: 35
A39: Lake, Mitch | B39: Sporter | C39: 81.87 | I39: 0 | K39: 66.38 | M39: 148.25 | N39: 36
